{
    "accuracy": 0.9245283018867925,
    "recall": 0.9228110742720363,
    "f1_score": 0.9126848253815296,
    "roc_auc": 0.9944342272065111,
    "confusion_matrix": [
        [
            218,
            0,
            0,
            11,
            2,
            10,
            1,
            0
        ],
        [
            5,
            613,
            0,
            0,
            0,
            0,
            0,
            0
        ],
        [
            2,
            0,
            286,
            3,
            9,
            5,
            2,
            2
        ],
        [
            32,
            0,
            10,
            443,
            21,
            46,
            20,
            0
        ],
        [
            4,
            0,
            3,
            4,
            225,
            3,
            2,
            0
        ],
        [
            4,
            0,
            0,
            12,
            8,
            256,
            2,
            0
        ],
        [
            2,
            3,
            3,
            20,
            2,
            0,
            633,
            0
        ],
        [
            0,
            0,
            3,
            0,
            0,
            0,
            0,
            462
        ]
    ]
}