{
    "accuracy": 0.9599056603773585,
    "recall": 0.9495487623614243,
    "f1_score": 0.9551992766607537,
    "roc_auc": 0.9978563526850308,
    "confusion_matrix": [
        [
            221,
            1,
            0,
            18,
            1,
            1,
            0,
            0
        ],
        [
            1,
            614,
            0,
            3,
            0,
            0,
            0,
            0
        ],
        [
            2,
            0,
            280,
            20,
            1,
            3,
            2,
            1
        ],
        [
            4,
            0,
            0,
            544,
            2,
            11,
            11,
            0
        ],
        [
            1,
            0,
            0,
            5,
            230,
            5,
            0,
            0
        ],
        [
            2,
            0,
            0,
            22,
            3,
            254,
            1,
            0
        ],
        [
            0,
            1,
            0,
            14,
            0,
            0,
            648,
            0
        ],
        [
            0,
            0,
            0,
            0,
            0,
            0,
            0,
            465
        ]
    ]
}