{
    "accuracy": 0.9705188679245284,
    "recall": 0.9686989724184877,
    "f1_score": 0.9675079588411328,
    "roc_auc": 0.9985059525182587,
    "confusion_matrix": [
        [
            228,
            1,
            2,
            7,
            1,
            3,
            0,
            0
        ],
        [
            0,
            618,
            0,
            0,
            0,
            0,
            0,
            0
        ],
        [
            1,
            0,
            299,
            4,
            3,
            0,
            1,
            1
        ],
        [
            3,
            0,
            1,
            529,
            18,
            7,
            14,
            0
        ],
        [
            0,
            0,
            0,
            0,
            240,
            1,
            0,
            0
        ],
        [
            0,
            0,
            0,
            11,
            5,
            266,
            0,
            0
        ],
        [
            0,
            1,
            0,
            14,
            0,
            1,
            647,
            0
        ],
        [
            0,
            0,
            0,
            0,
            0,
            0,
            0,
            465
        ]
    ]
}