{
    "accuracy": 0.9519457547169812,
    "recall": 0.943879229860817,
    "f1_score": 0.9475833253197322,
    "roc_auc": 0.9979387678423013,
    "confusion_matrix": [
        [
            219,
            0,
            2,
            15,
            2,
            3,
            1,
            0
        ],
        [
            0,
            612,
            0,
            1,
            0,
            0,
            4,
            1
        ],
        [
            0,
            0,
            302,
            1,
            0,
            1,
            2,
            3
        ],
        [
            4,
            1,
            10,
            507,
            5,
            7,
            38,
            0
        ],
        [
            0,
            0,
            6,
            8,
            227,
            0,
            0,
            0
        ],
        [
            1,
            0,
            2,
            24,
            11,
            244,
            0,
            0
        ],
        [
            0,
            1,
            0,
            9,
            0,
            0,
            653,
            0
        ],
        [
            0,
            0,
            0,
            0,
            0,
            0,
            0,
            465
        ]
    ]
}