{
    "accuracy": 0.9484080188679245,
    "recall": 0.9456302827921532,
    "f1_score": 0.9435832324752446,
    "roc_auc": 0.9969534996942415,
    "confusion_matrix": [
        [
            228,
            0,
            0,
            7,
            2,
            4,
            1,
            0
        ],
        [
            1,
            611,
            0,
            4,
            1,
            1,
            0,
            0
        ],
        [
            1,
            2,
            289,
            7,
            3,
            1,
            3,
            3
        ],
        [
            18,
            0,
            0,
            505,
            4,
            32,
            13,
            0
        ],
        [
            2,
            0,
            0,
            5,
            232,
            2,
            0,
            0
        ],
        [
            3,
            0,
            0,
            21,
            5,
            253,
            0,
            0
        ],
        [
            1,
            1,
            0,
            25,
            0,
            2,
            634,
            0
        ],
        [
            0,
            0,
            0,
            0,
            0,
            0,
            0,
            465
        ]
    ]
}