{
    "accuracy": 0.9622641509433962,
    "recall": 0.9612105340425932,
    "f1_score": 0.9601946071301819,
    "roc_auc": 0.997435783116381,
    "confusion_matrix": [
        [
            233,
            1,
            0,
            3,
            2,
            2,
            1,
            0
        ],
        [
            0,
            610,
            0,
            5,
            0,
            0,
            3,
            0
        ],
        [
            1,
            1,
            298,
            4,
            1,
            0,
            4,
            0
        ],
        [
            3,
            0,
            5,
            515,
            11,
            17,
            21,
            0
        ],
        [
            0,
            0,
            2,
            2,
            236,
            1,
            0,
            0
        ],
        [
            1,
            0,
            0,
            15,
            7,
            259,
            0,
            0
        ],
        [
            0,
            1,
            0,
            13,
            0,
            1,
            648,
            0
        ],
        [
            0,
            0,
            0,
            0,
            0,
            0,
            0,
            465
        ]
    ]
}