{
    "accuracy": 0.9442806603773585,
    "recall": 0.9330972606102146,
    "f1_score": 0.938009543699696,
    "roc_auc": 0.9967015849973363,
    "confusion_matrix": [
        [
            210,
            10,
            0,
            17,
            1,
            2,
            2,
            0
        ],
        [
            0,
            617,
            0,
            0,
            0,
            1,
            0,
            0
        ],
        [
            2,
            1,
            292,
            4,
            3,
            2,
            4,
            1
        ],
        [
            13,
            5,
            1,
            520,
            7,
            10,
            16,
            0
        ],
        [
            0,
            0,
            2,
            7,
            231,
            1,
            0,
            0
        ],
        [
            4,
            0,
            1,
            39,
            4,
            234,
            0,
            0
        ],
        [
            2,
            6,
            1,
            20,
            0,
            0,
            634,
            0
        ],
        [
            0,
            0,
            0,
            0,
            0,
            0,
            0,
            465
        ]
    ]
}