{
    "accuracy": 0.96875,
    "recall": 0.9695342784428111,
    "f1_score": 0.9655922044479814,
    "roc_auc": 0.9982940051667186,
    "confusion_matrix": [
        [
            239,
            0,
            1,
            0,
            0,
            2,
            0,
            0
        ],
        [
            0,
            618,
            0,
            0,
            0,
            0,
            0,
            0
        ],
        [
            3,
            0,
            296,
            3,
            0,
            4,
            1,
            2
        ],
        [
            10,
            0,
            0,
            527,
            1,
            30,
            4,
            0
        ],
        [
            0,
            0,
            2,
            4,
            231,
            4,
            0,
            0
        ],
        [
            3,
            0,
            0,
            3,
            2,
            274,
            0,
            0
        ],
        [
            1,
            1,
            0,
            21,
            0,
            4,
            636,
            0
        ],
        [
            0,
            0,
            0,
            0,
            0,
            0,
            0,
            465
        ]
    ]
}