{
    "accuracy": 0.9227594339622641,
    "recall": 0.9091613320437806,
    "f1_score": 0.9110354087750687,
    "roc_auc": 0.9924023290954795,
    "confusion_matrix": [
        [
            200,
            9,
            2,
            15,
            2,
            7,
            7,
            0
        ],
        [
            2,
            614,
            0,
            1,
            0,
            0,
            1,
            0
        ],
        [
            4,
            3,
            282,
            8,
            1,
            5,
            5,
            1
        ],
        [
            14,
            8,
            12,
            479,
            11,
            31,
            17,
            0
        ],
        [
            2,
            0,
            2,
            14,
            221,
            1,
            1,
            0
        ],
        [
            12,
            1,
            0,
            28,
            3,
            234,
            4,
            0
        ],
        [
            2,
            6,
            3,
            11,
            0,
            2,
            637,
            2
        ],
        [
            0,
            0,
            1,
            0,
            0,
            0,
            1,
            463
        ]
    ]
}