{
    "accuracy": 0.9534198113207547,
    "recall": 0.9465000173697219,
    "f1_score": 0.9480458493789472,
    "roc_auc": 0.9971065124163392,
    "confusion_matrix": [
        [
            233,
            1,
            0,
            6,
            2,
            0,
            0,
            0
        ],
        [
            1,
            614,
            0,
            1,
            0,
            0,
            2,
            0
        ],
        [
            4,
            0,
            286,
            14,
            2,
            2,
            0,
            1
        ],
        [
            15,
            2,
            0,
            507,
            3,
            12,
            33,
            0
        ],
        [
            2,
            0,
            3,
            9,
            218,
            9,
            0,
            0
        ],
        [
            5,
            0,
            0,
            17,
            2,
            258,
            0,
            0
        ],
        [
            0,
            1,
            0,
            8,
            0,
            0,
            654,
            0
        ],
        [
            0,
            0,
            1,
            0,
            0,
            0,
            0,
            464
        ]
    ]
}