{
    "accuracy": 0.96875,
    "recall": 0.9690741456906131,
    "f1_score": 0.9656825419086127,
    "roc_auc": 0.9986341659169489,
    "confusion_matrix": [
        [
            235,
            0,
            0,
            1,
            0,
            5,
            1,
            0
        ],
        [
            0,
            617,
            0,
            1,
            0,
            0,
            0,
            0
        ],
        [
            1,
            0,
            306,
            1,
            0,
            0,
            1,
            0
        ],
        [
            9,
            0,
            4,
            512,
            3,
            26,
            18,
            0
        ],
        [
            2,
            0,
            3,
            3,
            231,
            2,
            0,
            0
        ],
        [
            3,
            0,
            0,
            4,
            4,
            271,
            0,
            0
        ],
        [
            0,
            1,
            0,
            12,
            0,
            0,
            650,
            0
        ],
        [
            0,
            0,
            1,
            0,
            0,
            0,
            0,
            464
        ]
    ]
}