{
    "accuracy": 0.9466391509433962,
    "recall": 0.9333753825508848,
    "f1_score": 0.9385678863648328,
    "roc_auc": 0.9968915784864788,
    "confusion_matrix": [
        [
            202,
            8,
            1,
            13,
            3,
            9,
            6,
            0
        ],
        [
            0,
            615,
            0,
            1,
            0,
            0,
            2,
            0
        ],
        [
            1,
            2,
            287,
            12,
            3,
            1,
            3,
            0
        ],
        [
            7,
            0,
            2,
            515,
            3,
            13,
            32,
            0
        ],
        [
            0,
            0,
            4,
            7,
            229,
            1,
            0,
            0
        ],
        [
            3,
            0,
            2,
            19,
            11,
            247,
            0,
            0
        ],
        [
            0,
            1,
            0,
            11,
            0,
            0,
            651,
            0
        ],
        [
            0,
            0,
            0,
            0,
            0,
            0,
            0,
            465
        ]
    ]
}