{
    "accuracy": 0.5026041666666666,
    "recall": 0.33855442812289016,
    "f1_score": 0.33105330351207174,
    "roc_auc": 0.7034180057812479,
    "confusion_matrix": [
        [
            130,
            5,
            16,
            14,
            0
        ],
        [
            22,
            4,
            11,
            9,
            0
        ],
        [
            25,
            5,
            29,
            25,
            4
        ],
        [
            19,
            2,
            12,
            29,
            5
        ],
        [
            6,
            0,
            3,
            8,
            1
        ]
    ]
}