{
    "accuracy": 0.5416666666666666,
    "recall": 0.35090004522840346,
    "f1_score": 0.32003366625519025,
    "roc_auc": 0.7320571929528282,
    "confusion_matrix": [
        [
            133,
            1,
            21,
            10,
            0
        ],
        [
            27,
            0,
            12,
            7,
            0
        ],
        [
            21,
            1,
            48,
            18,
            0
        ],
        [
            11,
            0,
            29,
            27,
            0
        ],
        [
            4,
            0,
            3,
            11,
            0
        ]
    ]
}