{
    "accuracy": 0.5078125,
    "recall": 0.35348455351700003,
    "f1_score": 0.36178001009859423,
    "roc_auc": 0.7229716112454101,
    "confusion_matrix": [
        [
            140,
            6,
            11,
            6,
            2
        ],
        [
            27,
            8,
            8,
            3,
            0
        ],
        [
            42,
            9,
            22,
            13,
            2
        ],
        [
            18,
            10,
            15,
            22,
            2
        ],
        [
            8,
            1,
            4,
            2,
            3
        ]
    ]
}