{
    "accuracy": 0.5026041666666666,
    "recall": 0.3618246711108489,
    "f1_score": 0.31774449987112,
    "roc_auc": 0.7530729509062098,
    "confusion_matrix": [
        [
            123,
            5,
            10,
            27,
            0
        ],
        [
            14,
            8,
            5,
            18,
            1
        ],
        [
            13,
            15,
            10,
            50,
            0
        ],
        [
            5,
            4,
            6,
            52,
            0
        ],
        [
            2,
            1,
            0,
            15,
            0
        ]
    ]
}