{
    "accuracy": 0.5,
    "recall": 0.3762644616181281,
    "f1_score": 0.3820909188119871,
    "roc_auc": 0.7138324295606941,
    "confusion_matrix": [
        [
            124,
            6,
            23,
            12,
            0
        ],
        [
            13,
            9,
            21,
            2,
            1
        ],
        [
            22,
            6,
            42,
            17,
            1
        ],
        [
            9,
            10,
            31,
            12,
            5
        ],
        [
            4,
            3,
            5,
            1,
            5
        ]
    ]
}