{
    "accuracy": 0.5182291666666666,
    "recall": 0.34003614994854453,
    "f1_score": 0.34666055892556163,
    "roc_auc": 0.7131508559778849,
    "confusion_matrix": [
        [
            140,
            9,
            10,
            6,
            0
        ],
        [
            29,
            6,
            9,
            2,
            0
        ],
        [
            34,
            14,
            31,
            9,
            0
        ],
        [
            25,
            10,
            11,
            21,
            0
        ],
        [
            4,
            4,
            5,
            4,
            1
        ]
    ]
}