{
    "accuracy": 0.4817708333333333,
    "recall": 0.35040613795318537,
    "f1_score": 0.2976789867842264,
    "roc_auc": 0.7093768516675805,
    "confusion_matrix": [
        [
            123,
            9,
            4,
            28,
            1
        ],
        [
            11,
            7,
            3,
            25,
            0
        ],
        [
            14,
            13,
            2,
            57,
            2
        ],
        [
            4,
            7,
            1,
            52,
            3
        ],
        [
            2,
            2,
            0,
            13,
            1
        ]
    ]
}