{
    "accuracy": 0.4947916666666667,
    "recall": 0.3447828708892953,
    "f1_score": 0.3228952876559984,
    "roc_auc": 0.7128011039253866,
    "confusion_matrix": [
        [
            129,
            3,
            14,
            18,
            1
        ],
        [
            17,
            6,
            4,
            17,
            2
        ],
        [
            17,
            17,
            14,
            37,
            3
        ],
        [
            10,
            6,
            6,
            40,
            5
        ],
        [
            4,
            1,
            1,
            11,
            1
        ]
    ]
}