{
    "accuracy": 0.4791666666666667,
    "recall": 0.34434753111910804,
    "f1_score": 0.34491892288502457,
    "roc_auc": 0.7072978627895197,
    "confusion_matrix": [
        [
            127,
            10,
            16,
            8,
            4
        ],
        [
            18,
            9,
            16,
            2,
            1
        ],
        [
            25,
            23,
            23,
            14,
            3
        ],
        [
            15,
            10,
            13,
            22,
            7
        ],
        [
            4,
            1,
            5,
            5,
            3
        ]
    ]
}