{
    "accuracy": 0.421875,
    "recall": 0.2953817539443756,
    "f1_score": 0.2999862747981485,
    "roc_auc": 0.6284716100047625,
    "confusion_matrix": [
        [
            106,
            4,
            20,
            34,
            1
        ],
        [
            14,
            9,
            12,
            11,
            0
        ],
        [
            16,
            16,
            29,
            26,
            1
        ],
        [
            24,
            6,
            19,
            17,
            1
        ],
        [
            5,
            1,
            4,
            7,
            1
        ]
    ]
}