{
    "accuracy": 0.5208333333333334,
    "recall": 0.3734569248618568,
    "f1_score": 0.37729411451376843,
    "roc_auc": 0.734674393264372,
    "confusion_matrix": [
        [
            132,
            8,
            15,
            9,
            1
        ],
        [
            22,
            6,
            9,
            9,
            0
        ],
        [
            25,
            15,
            31,
            14,
            3
        ],
        [
            9,
            7,
            19,
            28,
            4
        ],
        [
            4,
            1,
            5,
            5,
            3
        ]
    ]
}