{
    "accuracy": 0.4921875,
    "recall": 0.3308299412030755,
    "f1_score": 0.26682806387546093,
    "roc_auc": 0.7120851291398786,
    "confusion_matrix": [
        [
            128,
            0,
            10,
            27,
            0
        ],
        [
            16,
            0,
            6,
            24,
            0
        ],
        [
            20,
            0,
            9,
            59,
            0
        ],
        [
            7,
            0,
            8,
            52,
            0
        ],
        [
            2,
            2,
            0,
            14,
            0
        ]
    ]
}