{
    "accuracy": 0.7706653225806451,
    "recall": 0.5754092945480795,
    "f1_score": 0.5797750720428633,
    "roc_auc": 0.9364247509893684,
    "confusion_matrix": [
        [
            23,
            14,
            9,
            0,
            11,
            9,
            0
        ],
        [
            8,
            52,
            10,
            1,
            14,
            12,
            5
        ],
        [
            12,
            6,
            104,
            1,
            31,
            63,
            1
        ],
        [
            1,
            4,
            1,
            8,
            2,
            5,
            2
        ],
        [
            1,
            4,
            17,
            0,
            139,
            54,
            4
        ],
        [
            0,
            9,
            26,
            0,
            106,
            1180,
            7
        ],
        [
            0,
            1,
            0,
            0,
            2,
            2,
            23
        ]
    ]
}