{
    "accuracy": 0.7474798387096774,
    "recall": 0.4824526002469967,
    "f1_score": 0.48867387417857483,
    "roc_auc": 0.9158826521921538,
    "confusion_matrix": [
        [
            29,
            18,
            10,
            0,
            1,
            8,
            0
        ],
        [
            6,
            66,
            12,
            0,
            0,
            15,
            3
        ],
        [
            14,
            16,
            97,
            1,
            16,
            74,
            0
        ],
        [
            5,
            12,
            2,
            2,
            0,
            2,
            0
        ],
        [
            5,
            9,
            27,
            0,
            60,
            115,
            3
        ],
        [
            7,
            23,
            41,
            3,
            38,
            1213,
            3
        ],
        [
            0,
            4,
            1,
            0,
            2,
            5,
            16
        ]
    ]
}