{
    "accuracy": 0.7555443548387096,
    "recall": 0.48191077491419776,
    "f1_score": 0.4563918240792518,
    "roc_auc": 0.9181776525228562,
    "confusion_matrix": [
        [
            27,
            9,
            12,
            0,
            8,
            9,
            1
        ],
        [
            11,
            46,
            11,
            0,
            2,
            21,
            11
        ],
        [
            8,
            11,
            115,
            0,
            13,
            67,
            4
        ],
        [
            1,
            7,
            1,
            0,
            1,
            13,
            0
        ],
        [
            1,
            8,
            33,
            0,
            51,
            118,
            8
        ],
        [
            0,
            9,
            47,
            0,
            19,
            1237,
            16
        ],
        [
            0,
            0,
            0,
            0,
            0,
            5,
            23
        ]
    ]
}