{
    "accuracy": 0.7928427419354839,
    "recall": 0.6118961686669075,
    "f1_score": 0.6155777584718624,
    "roc_auc": 0.936574746613145,
    "confusion_matrix": [
        [
            36,
            10,
            10,
            1,
            5,
            4,
            0
        ],
        [
            15,
            60,
            12,
            1,
            5,
            7,
            2
        ],
        [
            7,
            10,
            130,
            3,
            14,
            53,
            1
        ],
        [
            5,
            1,
            0,
            10,
            2,
            5,
            0
        ],
        [
            3,
            7,
            32,
            2,
            99,
            76,
            0
        ],
        [
            11,
            12,
            42,
            3,
            39,
            1217,
            4
        ],
        [
            0,
            3,
            1,
            0,
            0,
            3,
            21
        ]
    ]
}