{
    "accuracy": 0.7686491935483871,
    "recall": 0.5460892243476165,
    "f1_score": 0.5692886332912067,
    "roc_auc": 0.9218026894454463,
    "confusion_matrix": [
        [
            35,
            16,
            7,
            0,
            4,
            4,
            0
        ],
        [
            9,
            60,
            4,
            3,
            9,
            15,
            2
        ],
        [
            16,
            14,
            89,
            1,
            26,
            72,
            0
        ],
        [
            4,
            4,
            3,
            6,
            2,
            4,
            0
        ],
        [
            2,
            7,
            20,
            0,
            105,
            84,
            1
        ],
        [
            8,
            14,
            36,
            0,
            57,
            1212,
            1
        ],
        [
            0,
            4,
            1,
            0,
            0,
            5,
            18
        ]
    ]
}