{
    "accuracy": 0.702116935483871,
    "recall": 0.4934706053042962,
    "f1_score": 0.4868116975531486,
    "roc_auc": 0.8979328178100904,
    "confusion_matrix": [
        [
            24,
            12,
            13,
            1,
            11,
            5,
            0
        ],
        [
            8,
            53,
            10,
            1,
            12,
            12,
            6
        ],
        [
            10,
            13,
            95,
            1,
            48,
            50,
            1
        ],
        [
            1,
            4,
            1,
            4,
            1,
            12,
            0
        ],
        [
            5,
            8,
            32,
            1,
            109,
            61,
            3
        ],
        [
            2,
            23,
            65,
            1,
            139,
            1090,
            8
        ],
        [
            0,
            1,
            0,
            0,
            2,
            7,
            18
        ]
    ]
}