{
    "accuracy": 0.7626008064516129,
    "recall": 0.4554890273528945,
    "f1_score": 0.4844685076198076,
    "roc_auc": 0.9276322211122229,
    "confusion_matrix": [
        [
            29,
            17,
            6,
            0,
            4,
            9,
            1
        ],
        [
            12,
            58,
            8,
            0,
            3,
            20,
            1
        ],
        [
            10,
            16,
            86,
            0,
            11,
            95,
            0
        ],
        [
            1,
            10,
            3,
            1,
            0,
            8,
            0
        ],
        [
            5,
            8,
            19,
            0,
            55,
            130,
            2
        ],
        [
            9,
            14,
            20,
            0,
            16,
            1269,
            0
        ],
        [
            0,
            2,
            0,
            0,
            0,
            11,
            15
        ]
    ]
}