{
    "accuracy": 0.7953629032258065,
    "recall": 0.5977644830741025,
    "f1_score": 0.6115252465088015,
    "roc_auc": 0.9344599970765675,
    "confusion_matrix": [
        [
            39,
            10,
            8,
            0,
            3,
            6,
            0
        ],
        [
            16,
            51,
            15,
            1,
            3,
            13,
            3
        ],
        [
            15,
            7,
            125,
            1,
            13,
            57,
            0
        ],
        [
            3,
            2,
            2,
            9,
            0,
            7,
            0
        ],
        [
            10,
            3,
            33,
            2,
            80,
            89,
            2
        ],
        [
            5,
            12,
            33,
            1,
            24,
            1251,
            2
        ],
        [
            0,
            1,
            0,
            0,
            0,
            4,
            23
        ]
    ]
}