{
    "accuracy": 0.7585685483870968,
    "recall": 0.5228381276386652,
    "f1_score": 0.5603643219178983,
    "roc_auc": 0.9081618971802703,
    "confusion_matrix": [
        [
            20,
            11,
            19,
            0,
            3,
            13,
            0
        ],
        [
            2,
            44,
            19,
            3,
            7,
            25,
            2
        ],
        [
            4,
            2,
            114,
            1,
            26,
            71,
            0
        ],
        [
            2,
            1,
            4,
            8,
            1,
            7,
            0
        ],
        [
            3,
            1,
            28,
            0,
            95,
            91,
            1
        ],
        [
            0,
            6,
            38,
            0,
            73,
            1204,
            7
        ],
        [
            0,
            2,
            1,
            0,
            0,
            5,
            20
        ]
    ]
}