{
    "accuracy": 0.7071572580645161,
    "recall": 0.40610007460142644,
    "f1_score": 0.44566571380198106,
    "roc_auc": 0.837908072987698,
    "confusion_matrix": [
        [
            19,
            12,
            9,
            3,
            4,
            18,
            1
        ],
        [
            9,
            34,
            12,
            2,
            5,
            38,
            2
        ],
        [
            8,
            14,
            73,
            2,
            24,
            97,
            0
        ],
        [
            1,
            3,
            1,
            6,
            2,
            10,
            0
        ],
        [
            2,
            5,
            38,
            0,
            47,
            127,
            0
        ],
        [
            5,
            12,
            43,
            1,
            55,
            1210,
            2
        ],
        [
            0,
            2,
            2,
            0,
            2,
            8,
            14
        ]
    ]
}