{
    "accuracy": 0.796875,
    "recall": 0.619902221548009,
    "f1_score": 0.6275079556831733,
    "roc_auc": 0.9390054011331969,
    "confusion_matrix": [
        [
            31,
            11,
            11,
            0,
            9,
            3,
            1
        ],
        [
            4,
            69,
            13,
            1,
            4,
            8,
            3
        ],
        [
            4,
            13,
            138,
            2,
            21,
            39,
            1
        ],
        [
            2,
            3,
            3,
            8,
            1,
            6,
            0
        ],
        [
            1,
            4,
            33,
            0,
            124,
            53,
            4
        ],
        [
            1,
            14,
            65,
            0,
            53,
            1190,
            5
        ],
        [
            0,
            2,
            0,
            0,
            0,
            5,
            21
        ]
    ]
}