{
    "accuracy": 0.7585685483870968,
    "recall": 0.5173295943993318,
    "f1_score": 0.5465571462930675,
    "roc_auc": 0.9210181250738998,
    "confusion_matrix": [
        [
            28,
            14,
            8,
            1,
            4,
            11,
            0
        ],
        [
            6,
            54,
            19,
            0,
            7,
            16,
            0
        ],
        [
            18,
            12,
            119,
            3,
            22,
            43,
            1
        ],
        [
            0,
            7,
            4,
            6,
            2,
            4,
            0
        ],
        [
            6,
            9,
            25,
            0,
            85,
            94,
            0
        ],
        [
            10,
            17,
            56,
            0,
            47,
            1197,
            1
        ],
        [
            0,
            3,
            0,
            0,
            4,
            5,
            16
        ]
    ]
}