{
    "6": {
        "accuracy": 0.5378787878787878,
        "recall": 0.3918571661460153,
        "f1_score": 0.40912860045938926,
        "roc_auc": 0.7477324806911299,
        "confusion_matrix": [
            [
                138,
                8,
                19,
                7,
                0
            ],
            [
                24,
                10,
                9,
                3,
                0
            ],
            [
                29,
                15,
                35,
                12,
                0
            ],
            [
                6,
                9,
                25,
                27,
                1
            ],
            [
                3,
                3,
                5,
                5,
                3
            ]
        ]
    },
    "12": {
        "accuracy": 0.48484848484848486,
        "recall": 0.3270476655106969,
        "f1_score": 0.3296980449120042,
        "roc_auc": 0.7141126271477198,
        "confusion_matrix": [
            [
                138,
                9,
                16,
                7,
                2
            ],
            [
                25,
                9,
                7,
                5,
                0
            ],
            [
                38,
                13,
                27,
                13,
                0
            ],
            [
                18,
                10,
                18,
                16,
                6
            ],
            [
                5,
                3,
                7,
                2,
                2
            ]
        ]
    },
    "24": {
        "accuracy": 0.4817708333333333,
        "recall": 0.33233912781284614,
        "f1_score": 0.3332497533280506,
        "roc_auc": 0.6874831198476516,
        "confusion_matrix": [
            [
                130,
                10,
                19,
                6,
                0
            ],
            [
                21,
                11,
                9,
                4,
                1
            ],
            [
                35,
                17,
                29,
                5,
                2
            ],
            [
                19,
                9,
                19,
                13,
                7
            ],
            [
                7,
                1,
                6,
                2,
                2
            ]
        ]
    },
    "36": {
        "accuracy": 0.5151515151515151,
        "recall": 0.372851899936831,
        "f1_score": 0.37181313692176754,
        "roc_auc": 0.7097427945758794,
        "confusion_matrix": [
            [
                132,
                7,
                20,
                11,
                2
            ],
            [
                18,
                11,
                7,
                10,
                0
            ],
            [
                18,
                13,
                31,
                24,
                5
            ],
            [
                5,
                8,
                19,
                28,
                8
            ],
            [
                3,
                3,
                5,
                6,
                2
            ]
        ]
    },
    "48": {
        "accuracy": 0.46875,
        "recall": 0.3243619517694794,
        "f1_score": 0.3192887703815208,
        "roc_auc": 0.7025499178810368,
        "confusion_matrix": [
            [
                123,
                14,
                21,
                4,
                3
            ],
            [
                14,
                14,
                14,
                4,
                0
            ],
            [
                18,
                22,
                31,
                12,
                5
            ],
            [
                6,
                16,
                22,
                11,
                12
            ],
            [
                5,
                3,
                6,
                3,
                1
            ]
        ]
    }
}