{
    "5e-06": {
        "accuracy": 0.5075,
        "recall": 0.3782743922156569,
        "f1_score": 0.3804825704260357,
        "roc_auc": 0.7443813367298323,
        "confusion_matrix": [
            [
                130,
                7,
                19,
                15,
                3
            ],
            [
                13,
                13,
                14,
                6,
                0
            ],
            [
                17,
                14,
                33,
                24,
                4
            ],
            [
                3,
                15,
                23,
                24,
                3
            ],
            [
                4,
                2,
                4,
                7,
                3
            ]
        ]
    },
    "1e-05": {
        "accuracy": 0.525,
        "recall": 0.41311109151306696,
        "f1_score": 0.40760960682646064,
        "roc_auc": 0.729299321648295,
        "confusion_matrix": [
            [
                128,
                10,
                18,
                16,
                2
            ],
            [
                12,
                10,
                16,
                7,
                1
            ],
            [
                14,
                14,
                32,
                25,
                7
            ],
            [
                3,
                5,
                19,
                35,
                6
            ],
            [
                3,
                2,
                2,
                8,
                5
            ]
        ]
    },
    "5e-05": {
        "accuracy": 0.4925,
        "recall": 0.38441543933915395,
        "f1_score": 0.37006799458803996,
        "roc_auc": 0.7067847674624465,
        "confusion_matrix": [
            [
                128,
                6,
                31,
                7,
                2
            ],
            [
                18,
                5,
                16,
                6,
                1
            ],
            [
                21,
                14,
                38,
                12,
                7
            ],
            [
                10,
                9,
                16,
                18,
                15
            ],
            [
                3,
                2,
                6,
                1,
                8
            ]
        ]
    },
    "0.0001": {
        "accuracy": 0.5025,
        "recall": 0.3617555927918394,
        "f1_score": 0.36773166996879075,
        "roc_auc": 0.6945709605237168,
        "confusion_matrix": [
            [
                128,
                15,
                23,
                7,
                1
            ],
            [
                17,
                9,
                15,
                5,
                0
            ],
            [
                30,
                10,
                35,
                15,
                2
            ],
            [
                10,
                6,
                22,
                27,
                3
            ],
            [
                4,
                2,
                7,
                5,
                2
            ]
        ]
    },
    "0.0005": {
        "accuracy": 0.515,
        "recall": 0.4145177411294353,
        "f1_score": 0.3252813852813853,
        "roc_auc": 0.755070973686462,
        "confusion_matrix": [
            [
                128,
                25,
                0,
                21,
                0
            ],
            [
                10,
                27,
                0,
                9,
                0
            ],
            [
                13,
                37,
                0,
                42,
                0
            ],
            [
                2,
                15,
                0,
                51,
                0
            ],
            [
                3,
                4,
                0,
                13,
                0
            ]
        ]
    }
}